{
  "$schema": "https://schema.tauri.app/config/2",
  "productName": "mictext",
  "version": "0.1.0",
  "identifier": "com.mictext.app",
  "build": {
    "frontendDist": "../src"
  },
  "app": {
    "withGlobalTauri": true,
    "windows": [
      {
        "label": "main",
        "title": "MicText",
        "width": 200,
        "height": 70,
        "resizable": false,
        "transparent": true,
        "decorations": false,
        "alwaysOnTop": true,
        "visible": true
      }
    ],
    "security": {
      "csp": null
    }
  },
  "bundle": {
    "active": true,
    "targets": "all",
    "icon": [
      "icons/32x32.png",
      "icons/128x128.png",
      "icons/128x128@2x.png",
      "icons/icon.icns",
      "icons/icon.ico"
    ]
  }
}
